# d=4, E=k^2(1+l^2k^2), l=10.0, ball cutoff |k|<=pi (a=1)
tau,ds_alpha4_cutoff,ds_alpha2_cutoff,ds_alpha4_closed_form
1e-07,0.0009752484589,1.315947145e-06,2.000028569
1.079775162e-07,0.001053035419,1.420927033e-06,2.000029128
1.165914401e-07,0.001137025582,1.534281707e-06,2.000030268
1.258925412e-07,0.001227713435,1.656679266e-06,2.000031452
1.359356391e-07,0.001325632849,1.788841109e-06,2.000032682
1.467799268e-07,0.001431360212,1.931546182e-06,2.000033961
1.584893192e-07,0.001545517809,2.085635572e-06,2.00003529
1.711328304e-07,0.00166877747,2.252017465e-06,2.00003667
1.847849797e-07,0.001801864504,2.431672496e-06,2.000038105
1.995262315e-07,0.001945561948,2.625659532e-06,2.000039596
2.15443469e-07,0.002100715149,2.835121911e-06,2.000041145
2.326305067e-07,0.00226823671,3.061294178e-06,2.000042754
2.511886432e-07,0.002449111823,3.305509368e-06,2.000044427
2.712272579e-07,0.002644404026,3.569206855e-06,2.000046165
2.928644565e-07,0.002855261413,3.853940843e-06,2.000047971
3.16227766e-07,0.003082923329,4.161389519e-06,2.000049848
3.414548874e-07,0.003328727594,4.49336495e-06,2.000051798
3.686945065e-07,0.003594118297,4.85182376e-06,2.000053824
3.981071706e-07,0.003880654193,5.238878661e-06,2.00005593
4.298662347e-07,0.004190017763,5.656810909e-06,2.000058118
4.641588834e-07,0.004524024983,6.108083746e-06,2.000060392
5.011872336e-07,0.004884635852,6.595356917e-06,2.000062754
5.411695265e-07,0.00527396574,7.121502352e-06,2.000065209
5.843414134e-07,0.005694297619,7.689621085e-06,2.000067761
6.309573445e-07,0.006148095244,8.303061537e-06,2.000070411
6.812920691e-07,0.00663801735,8.965439247e-06,2.000073166
7.356422545e-07,0.007166932948,9.680658186e-06,2.000076028
7.943282347e-07,0.007737937799,1.045293376e-05,2.000079003
8.576958986e-07,0.008354372145,1.128681766e-05,2.000082093
9.261187281e-07,0.009019839807,1.218722468e-05,2.000085305
1e-06,0.009738228726,1.315946171e-05,2.000088642
1.079775162e-06,0.01051373307,1.420925897e-05,2.00009211
1.165914401e-06,0.01135087703,1.534280383e-05,2.000095714
1.258925412e-06,0.01225454035,1.656677723e-05,2.000099458
1.359356391e-06,0.01322998583,1.788839309e-05,2.000103349
1.467799268e-06,0.01428288884,1.931544083e-05,2.000107392
1.584893192e-06,0.01541936906,2.085633125e-05,2.000111593
1.711328304e-06,0.01664602447,2.252014612e-05,2.000115959
1.847849797e-06,0.01796996788,2.43166917e-05,2.000120495
1.995262315e-06,0.01939886613,2.625655655e-05,2.000125209
2.15443469e-06,0.02094098201,2.835117389e-05,2.000130108
2.326305067e-06,0.02260521925,3.061288907e-05,2.000135198
2.511886432e-06,0.02440117057,3.305503222e-05,2.000140487
2.712272579e-06,0.02633916917,3.569199689e-05,2.000145983
2.928644565e-06,0.02843034366,3.853932488e-05,2.000151693
3.16227766e-06,0.03068667672,4.161379778e-05,2.000157628
3.414548874e-06,0.03312106764,4.493353593e-05,2.000163794
3.686945065e-06,0.03574739895,4.851810519e-05,2.000170202
3.981071706e-06,0.0385806072,5.238863223e-05,2.00017686
4.298662347e-06,0.04163675824,5.65679291e-05,2.000183779
4.641588834e-06,0.04493312696,6.108062759e-05,2.000190969
5.011872336e-06,0.04848828171,6.595332449e-05,2.000198439
5.411695265e-06,0.05232217345,7.121473824e-05,2.000206202
5.843414134e-06,0.05645622967,7.689587824e-05,2.000214269
6.309573445e-06,0.06091345314,8.303022757e-05,2.000222651
6.812920691e-06,0.06571852537,8.965394034e-05,2.000231361
7.356422545e-06,0.07089791459,9.680605471e-05,2.000240412
7.943282347e-06,0.07647998812,0.000104528723,2.000249817
8.576958986e-06,0.08249512873,0.00011286746,2.00025959
9.261187281e-06,0.08897585442,0.0001218714114,2.000269745
1e-05,0.09595694101,0.000131593643,2.000280297
1.079775162e-05,0.1034755467,0.000142091454,2.000291262
1.165914401e-05,0.1115713371,0.0001534267141,2.000302656
1.258925412e-05,0.1202866105,0.0001656662284,2.000314495
1.359356391e-05,0.129666419,0.0001788821309,2.000326798
1.467799268e-05,0.139758687,0.0001931523097,2.000339582
1.584893192e-05,0.1506143207,0.0002085608657,2.000352866
1.711328304e-05,0.162287308,0.0002251986084,2.000366669
1.847849797e-05,0.174834803,0.0002431635909,2.000381013
1.995262315e-05,0.1883171916,0.0002625616875,2.000395917
2.15443469e-05,0.2027981323,0.0002835072175,2.000411405
2.326305067e-05,0.2183445643,0.0003061236191,2.000427498
2.511886432e-05,0.2350266766,0.0003305441759,2.000444221
2.712272579e-05,0.252917828,0.000356912803,2.000461597
2.928644565e-05,0.2720944059,0.0003853848939,2.000479654
3.16227766e-05,0.2926356134,0.0004161282367,2.000498416
3.414548874e-05,0.3146231678,0.000449324002,2.000517913
3.686945065e-05,0.3381408945,0.0004851678102,2.000538172
3.981071706e-05,0.3632741962,0.0005238708836,2.000559223
4.298662347e-05,0.3901093763,0.0005656612907,2.000581098
4.641588834e-05,0.4187327894,0.0006107852891,2.000603828
5.011872336e-05,0.4492297942,0.0006595087759,2.000627447
5.411695265e-05,0.4816834758,0.0007121188536,2.00065199
5.843414134e-05,0.5161731062,0.0007689255201,2.000677492
6.309573445e-05,0.5527723075,0.0008302634947,2.000703992
6.812920691e-05,0.5915468841,0.0008964941878,2.000731529
7.356422545e-05,0.6325522875,0.0009680078294,2.000760142
7.943282347e-05,0.6758306848,0.001045225765,2.000789874
8.576958986e-05,0.721407604,0.001128602937,2.000820769
9.261187281e-05,0.7692881446,0.001218630561,2.000852871
0.0001,0.8194527548,0.001315839014,2.00088623
0.0001079775162,0.8718526052,0.001420800961,2.000920892
0.0001165914401,0.9264046193,0.001534134716,2.00095691
0.0001258925412,0.9829862721,0.001656507887,2.000994337
0.0001359356391,1.041430322,0.001788641294,2.001033226
0.0001467799268,1.101519724,0.001931313213,2.001073637
0.0001584893192,1.162983043,0.002085363948,2.001115627
0.0001711328304,1.225490826,0.002251700772,2.001159259
0.0001847849797,1.288653439,0.002431303256,2.001204597
0.0001995262315,1.352021038,0.002625229026,2.001251708
0.000215443469,1.415086386,0.002834619972,2.00130066
0.0002326305067,1.477291261,0.003060708954,2.001351526
0.0002511886432,1.538037162,0.003304827038,2.00140438
0.0002712272579,1.596700844,0.003568411307,2.001459301
0.0002928644565,1.652654881,0.003853013288,2.001516369
0.000316227766,1.705292964,0.004160308053,2.001575667
0.0003414548874,1.754058949,0.004492104033,2.001637283
0.0003686945065,1.798477874,0.004850353612,2.001701307
0.0003981071706,1.838186314,0.005237164561,2.001767834
0.0004298662347,1.872958798,0.005654812373,2.001836961
0.0004641588834,1.902726669,0.006105753571,2.00190879
0.0005011872336,1.927586027,0.006592640066,2.001983426
0.0005411695265,1.947792393,0.007118334653,2.002060978
0.0005843414134,1.963741355,0.007685927714,2.002141561
0.0006309573445,1.975936599,0.008298755251,2.002225293
0.0006812920691,1.98494891,0.008960418321,2.002312296
0.0007356422545,1.991371388,0.009674804006,2.002402699
0.0007943282347,1.995776843,0.01044610802,2.002496634
0.0008576958986,1.998682825,0.0112788591,2.002594239
0.0009261187281,2.000528081,0.01217794527,2.002695657
0.001,2.001661858,0.01314864219,2.002801036
0.001079775162,2.002345046,0.01419664367,2.002910532
0.001165914401,2.002760248,0.01532809463,2.003024305
0.001258925412,2.00302694,0.01654962652,2.003142521
0.001359356391,2.003217987,0.01786839551,2.003265354
0.001467799268,2.003374685,0.01929212371,2.003392983
0.001584893192,2.003518711,0.02082914339,2.003525596
0.001711328304,2.003660596,0.02248844477,2.003663388
0.001847849797,2.003805087,0.02427972734,2.003806559
0.001995262315,2.003954212,0.0262134551,2.003955319
0.00215443469,2.004108849,0.02830091605,2.004109886
0.002326305067,2.004269435,0.03055428612,2.004270486
0.002511886432,2.004436268,0.03298669789,2.004437355
0.002712272579,2.004609608,0.03561231447,2.004610735
0.002928644565,2.00478971,0.03844640884,2.004790881
0.00316227766,2.00497684,0.04150544908,2.004978056
0.003414548874,2.00517127,0.04480718979,2.005172534
0.003686945065,2.005373284,0.04837077019,2.005374597
0.003981071706,2.005583178,0.05221681925,2.005584543
0.004298662347,2.005801258,0.05636756836,2.005802676
0.004641588834,2.006027843,0.06084697191,2.006029315
0.005011872336,2.006263262,0.06568083626,2.006264791
0.005411695265,2.006507859,0.07089695763,2.006509448
0.005843414134,2.00676199,0.07652526926,2.006763641
0.006309573445,2.007026026,0.08259799842,2.007027741
0.006812920691,2.007300351,0.0891498336,2.007302132
0.007356422545,2.007585365,0.09621810245,2.007587215
0.007943282347,2.007881482,0.1038429607,2.007883404
0.008576958986,2.008189132,0.1120675925,2.008191129
0.009261187281,2.008508764,0.1209384228,2.008510838
0.01,2.00884084,0.1305053407,2.008842995
0.01079775162,2.009185845,0.140821936,2.009188083
0.01165914401,2.009544277,0.1519457469,2.009546601
0.01258925412,2.009916657,0.1639385195,2.009919072
0.01359356391,2.010303525,0.1768664784,2.010306033
0.01467799268,2.010705441,0.1908006082,2.010708046
0.01584893192,2.011122986,0.2058169438,2.011125692
0.01711328304,2.011556766,0.2219968691,2.011559576
0.01847849797,2.012007406,0.2394274206,2.012010324
0.01995262315,2.012475558,0.2582015945,2.012478589
0.0215443469,2.012961897,0.2784186537,2.012965045
0.02326305067,2.013467125,0.3001844289,2.013470394
0.02511886432,2.013991969,0.32361161,2.013995365
0.02712272579,2.014537186,0.3488200193,2.014540712
0.02928644565,2.01510356,0.3759368591,2.015107222
0.0316227766,2.015691904,0.4050969219,2.015695706
0.03414548874,2.016303063,0.4364427517,2.016307012
0.03686945065,2.016937914,0.4701247386,2.016942014
0.03981071706,2.017597366,0.5063011294,2.017601624
0.04298662347,2.018282363,0.5451379298,2.018286784
0.04641588834,2.018993884,0.5868086711,2.018998474
0.05011872336,2.019732945,0.6314940074,2.019737711
0.05411695265,2.0205006,0.6793811036,2.020505548
0.05843414134,2.021297942,0.7306627675,2.021303079
0.06309573445,2.022126106,0.7855362686,2.022131438
0.06812920691,2.022986266,0.8442017798,2.022991802
0.07356422545,2.023879645,0.9068603636,2.023885391
0.07943282347,2.024807505,0.973711414,2.024813471
0.08576958986,2.02577116,1.044949454,2.025777352
0.09261187281,2.02677197,1.120760171,2.026778397
0.1,2.027811344,1.201315564,2.027818015
0.1079775162,2.028890746,1.286768061,2.02889767
0.1165914401,2.03001169,1.377243461,2.030018876
0.1258925412,2.031175748,1.472832554,2.031183205
0.1359356391,2.032384548,1.573581285,2.032392286
0.1467799268,2.033639777,1.679479339,2.033647806
0.1584893192,2.034943183,1.790447114,2.034951514
0.1711328304,2.036296577,1.906321103,2.036305221
0.1847849797,2.037701837,2.026837853,2.037710804
0.1995262315,2.039160904,2.151616902,2.039170207
0.215443469,2.040675793,2.280143343,2.040685443
0.2326305067,2.042248587,2.411751064,2.042258597
0.2511886432,2.043881444,2.545608202,2.043891827
0.2712272579,2.045576599,2.680706911,2.045587367
0.2928644565,2.047336364,2.815860151,2.04734753
0.316227766,2.049163131,2.949708786,2.049174711
0.3414548874,2.051059378,3.080742617,2.051071384
0.3686945065,2.053027666,3.207338895,2.053040113
0.3981071706,2.055070643,3.327821008,2.055083548
0.4298662347,2.057191052,3.440538154,2.057204428
0.4641588834,2.059391723,3.543963665,2.059405588
0.5011872336,2.061675588,3.636805315,2.061689957
0.5411695265,2.064045671,3.718116085,2.064060561
0.5843414134,2.066505101,3.787389488,2.06652053
0.6309573445,2.069057108,3.844621555,2.069073093
0.6812920691,2.071705029,3.890323491,2.071721588
0.7356422545,2.074452309,3.925475843,2.074469461
0.7943282347,2.077302503,3.95142609,2.077320267
0.8576958986,2.080259283,3.969744208,2.080277677
0.9261187281,2.083326432,3.982060968,2.083345476
1,2.086507854,3.989917715,2.08652757
1.079775162,2.089807575,3.994652397,2.089827982
1.165914401,2.093229742,3.997335956,2.093250862
1.258925412,2.096778629,3.99875977,2.096800482
1.359356391,2.100458636,3.999463368,2.100481243
1.467799268,2.104274293,3.999785456,2.104297677
1.584893192,2.108230262,3.999921245,2.108254445
1.711328304,2.112331337,3.999973636,2.112356343
1.847849797,2.116582449,3.999992011,2.116608298
1.995262315,2.120988662,3.999997826,2.121015378
2.15443469,2.125555179,3.999999473,2.125582785
2.326305067,2.130287339,3.999999887,2.130315859
2.511886432,2.135190623,3.999999979,2.13522008
2.712272579,2.140270648,3.999999997,2.140301064
2.928644565,2.145533171,4,2.145564569
3.16227766,2.150984086,4,2.151016489
3.414548874,2.156629426,4,2.156662857
3.686945065,2.162475359,4,2.162509841
3.981071706,2.168528188,4,2.168563742
4.298662347,2.174794347,4,2.174830996
4.641588834,2.181280401,4,2.181318164
5.011872336,2.187993038,4,2.188031937
5.411695265,2.194939069,4,2.194979121
5.843414134,2.202125418,4,2.202166643
6.309573445,2.209559122,4,2.209601538
6.812920691,2.217247321,4,2.217290942
7.356422545,2.22519725,4,2.225242091
7.943282347,2.23341623,4,2.233462305
8.576958986,2.24191166,4,2.241958979
9.261187281,2.250691006,4,2.250739579
10,2.259761787,4,2.25981162
10.79775162,2.269131563,4,2.26918266
11.65914401,2.27880792,4,2.278860282
12.58925412,2.288798451,4,2.288852078
13.59356391,2.299110745,4,2.299165632
14.67799268,2.309752358,4,2.309808497
15.84893192,2.320730802,4,2.32078818
17.11328304,2.332053512,4,2.332112114
18.47849797,2.343727831,4,2.343787635
19.95262315,2.355760973,4,2.355821955
21.5443469,2.368160004,4,2.368222134
23.26305067,2.380931805,4,2.380995045
25.11886432,2.39408304,4,2.39414735
27.12272579,2.407620124,4,2.407685455
29.28644565,2.421549181,4,2.421615478
31.6227766,2.435876008,4,2.43594321
34.14548874,2.450606031,4,2.450674069
36.86945065,2.465744264,4,2.46581306
39.81071706,2.481295259,4,2.481364729
42.98662347,2.497263058,4,2.49733311
46.41588834,2.513651148,4,2.513721678
50.11872336,2.530462399,4,2.530533298
54.11695265,2.547699019,4,2.547770165
58.43414134,2.565362491,4,2.565433755
63.09573445,2.583453519,4,2.583524761
68.12920691,2.60197197,4,2.60204304
73.56422545,2.620916809,4,2.620987548
79.43282347,2.640286045,4,2.640356282
85.76958986,2.660076667,4,2.660146222
92.61187281,2.680284581,4,2.680353265
100,2.700904558,4,2.70097217
107.9775162,2.721930166,4,2.721996498
116.5914401,2.743353722,4,2.743418555
125.8925412,2.765166229,4,2.765229337
135.9356391,2.787357335,4,2.787418483
146.7799268,2.809915277,4,2.809974223
158.4893192,2.832826845,4,2.832883342
171.1328304,2.856077343,4,2.856131138
184.7849797,2.87965056,4,2.879701397
199.5262315,2.903528747,4,2.903576368
215.443469,2.927692606,4,2.927736751
232.6305067,2.952121284,4,2.952161695
251.1886432,2.976792379,4,2.976828801
271.2272579,3.00168196,4,3.001714143
292.8644565,3.026764595,4,3.026792297
316.227766,3.052013397,4,3.052036385
341.4548874,3.077400081,4,3.077418132
368.6945065,3.10289503,4,3.102907938
398.1071706,3.128467391,4,3.128474967
429.8662347,3.154085171,4,3.154087243
464.1588834,3.179715352,4,3.179711773
501.1872336,3.205324032,4,3.205314677
541.1695265,3.230876561,4,3.230861334
584.3414134,3.256337712,4,3.256316544
630.9573445,3.281671849,4,3.281644703
681.2920691,3.306843113,4,3.306809987
735.6422545,3.331815626,4,3.331776548
794.3282347,3.356553685,4,3.356508722
857.6958986,3.381021984,4,3.380971237
926.1187281,3.405185824,4,3.40512943
1000,3.429011331,4,3.428949463
1079.775162,3.452465673,4,3.452398541
1165.914401,3.475517273,4,3.475445121
1258.925412,3.498136013,4,3.498059116
1359.356391,3.520293429,4,3.520212092
1467.799268,3.541962891,4,3.54187745
1584.893192,3.563119776,4,3.563030588
1711.328304,3.583741608,4,3.583649053
1847.849797,3.603808191,4,3.603712668
1995.262315,3.623301714,4,3.623203632
2154.43469,3.642206828,4,3.642106608
2326.305067,3.660510707,4,3.660408774
2511.886432,3.678203074,4,3.678099854
2712.272579,3.695276208,4,3.695172124
2928.644565,3.711724923,4,3.71162039
3162.27766,3.72754652,4,3.727441941
3414.548874,3.742740719,4,3.742636481
3686.945065,3.757309566,4,3.75720604
3981.071706,3.771257327,4,3.771154861
4298.662347,3.784590356,4,3.784489274
4641.588834,3.797316953,4,3.797217554
5011.872336,3.809447213,4,3.809349769
5411.695265,3.820992858,4,3.820897612
5843.414134,3.831967072,4,3.83187424
6309.573445,3.842384328,4,3.842294094
6812.920691,3.852260209,4,3.85217273
7356.422545,3.861611243,4,3.861526649
7943.282347,3.870454732,4,3.870373124
8576.958986,3.878808587,4,3.878730041
9261.187281,3.886691179,4,3.886615747
10000,3.894121188,4,3.8940489
10797.75162,3.90111747,4,3.901048333
11659.14401,3.90769893,4,3.907632934
12589.25412,3.91388441,4,3.913821527
13593.56391,3.919692584,4,3.919632771
14677.99268,3.925141869,4,3.92508507
15848.93192,3.930250345,4,3.930196492
17113.28304,3.935035686,4,3.934984701
18478.49797,3.939515101,4,3.939466899
19952.62315,3.943705289,4,3.943659779
21544.3469,3.947622399,4,3.947579484
23263.05067,3.951282,4,3.95124158
25118.86432,3.954699059,4,3.954661031
27122.72579,3.957887927,4,3.957852186
29286.44565,3.960862328,4,3.96082877
31622.7766,3.963635361,4,3.963603881
34145.48874,3.966219498,4,3.966189994
36869.45065,3.968626592,4,3.968598962
39810.71706,3.970867887,4,3.970842032
42986.62347,3.972954032,4,3.972929854
46415.88834,3.974895094,4,3.9748725
50118.72336,3.976700578,4,3.976679478
54116.95265,3.978379446,4,3.978359752
58434.14134,3.979940135,4,3.979921764
63095.73445,3.981390582,4,3.981373453
68129.20691,3.982738241,4,3.982722278
73564.22545,3.983990109,4,3.983975239
79432.82347,3.985152745,4,3.985138899
85769.58986,3.986232295,4,3.986219407
92611.87281,3.987234509,4,3.987222518
100000,3.988164767,4,3.988153614
107977.5162,3.989028095,4,3.989017725
116591.4401,3.98982919,4,3.98981955
125892.5412,3.990572434,4,3.990563475
135935.6391,3.991261914,4,3.99125359
146779.9268,3.991901444,4,3.991893712
158489.3192,3.992494575,4,3.992487394
171132.8304,3.993044616,4,3.993037949
184784.9797,3.993554649,4,3.99354846
199526.2315,3.994027541,4,3.994021797
215443.469,3.99446596,4,3.99446063
232630.5067,3.994872389,4,3.994867442
251188.6432,3.995249133,4,3.995244544
271227.2579,3.995598339,4,3.995594082
292864.4565,3.995921998,4,3.99591805
316227.766,3.996221963,4,3.996218301
341454.8874,3.996499953,4,3.996496558
368694.5065,3.996757566,4,3.996754418
398107.1706,3.996996284,4,3.996993365
429866.2347,3.997217484,4,3.997214778
464158.8834,3.997422443,4,3.997419935
501187.2336,3.997612347,4,3.997610022
541169.5265,3.997788296,4,3.99778614
584341.4134,3.99795131,4,3.997949312
630957.3445,3.998102335,4,3.998100484
681292.0691,3.99824225,4,3.998240534
735642.2545,3.998371868,4,3.998370278
794328.2347,3.998491946,4,3.998490472
857695.8986,3.998603181,4,3.998601816
926118.7281,3.998706224,4,3.998704959
1000000,3.998801677,4,3.998754559
