# Sierpinski gasket level 7, N=3282; d_s theory 2ln3/ln5=1.365212; d_H=ln3/ln2=1.584963
tau,P,ds_finite_difference,ds_exact
0.0001,0.9996002827,0.0008230129172,0.0007995543275
0.0001059253725,0.9995766043,0.0008473935454,0.0008469258757
0.0001122018454,0.9995515235,0.0008975991199,0.0008971037515
0.0001188502227,0.9995249575,0.0009507788724,0.0009502541655
0.0001258925412,0.9994968183,0.00100710895,0.001006553168
0.0001333521432,0.9994670129,0.001066775926,0.001066187229
0.0001412537545,0.9994354426,0.001129977419,0.00112935386
0.0001496235656,0.9994020029,0.001196922743,0.001196262258
0.0001584893192,0.9993665834,0.001267833601,0.001267134005
0.0001678804018,0.9993290669,0.001342944816,0.001342203793
0.000177827941,0.9992893293,0.001422505106,0.001421720207
0.0001883649089,0.9992472392,0.001506777908,0.001505946536
0.0001995262315,0.9992026575,0.001596042244,0.001595161649
0.000211348904,0.999155437,0.001690593644,0.001689660915
0.0002238721139,0.9991054215,0.001790745121,0.001789757173
0.0002371373706,0.9990524458,0.001896828199,0.001895781768
0.0002511886432,0.9989963349,0.002009194015,0.002008085642
0.000266072506,0.9989369036,0.002128214469,0.00212704049
0.0002818382931,0.9988739555,0.002254283449,0.002253039986
0.0002985382619,0.9988072829,0.002387818134,0.00238650108
0.000316227766,0.9987366658,0.002529260364,0.002527865369
0.0003349654392,0.9986618712,0.002679078095,0.002677600552
0.0003548133892,0.9985826524,0.002837766938,0.002836201969
0.0003758374043,0.9984987482,0.003005851788,0.003004194229
0.0003981071706,0.9984098819,0.003183888551,0.003182132933
0.0004216965034,0.9983157607,0.003372465972,0.003370606504
0.0004466835922,0.9982160746,0.003572207564,0.003570238112
0.000473151259,0.9981104954,0.003783773654,0.003781687727
0.0005011872336,0.9979986754,0.004007863555,0.004005654278
0.0005308844442,0.9978802467,0.004245217851,0.004242877946
0.0005623413252,0.9977548198,0.004496620826,0.004494142586
0.0005956621435,0.9976219825,0.00476290303,0.004760278297
0.0006309573445,0.9974812982,0.005044943998,0.005042164134
0.0006683439176,0.9973323048,0.00534367512,0.005340730982
0.0007079457844,0.9971745135,0.005660082684,0.005656964592
0.0007498942093,0.9970074064,0.005995211096,0.005991908803
0.0007943282347,0.9968304359,0.00635016628,0.00634666894
0.0008413951416,0.996643022,0.006726119281,0.006722415413
0.0008912509381,0.9964445512,0.007124310073,0.007120387525
0.0009440608763,0.9962343743,0.007546051584,0.007541897495
0.001,0.996011804,0.007992733963,0.007988334721
0.001059253725,0.9957761135,0.008465829076,0.008461170277
0.001122018454,0.9955265335,0.008966895276,0.008961961675
0.001188502227,0.9952622504,0.009497582433,0.009492357901
0.001258925412,0.9949824033,0.01005963726,0.01005410473
0.001333521432,0.9946860815,0.01065490894,0.01064905035
0.001412537545,0.994372322,0.01128535506,0.01127915131
0.001496235656,0.9940401062,0.01195304791,0.01194647879
0.001584893192,0.9936883569,0.01266018111,0.01265322525
0.001678804018,0.993315935,0.01340907663,0.01340171141
0.00177827941,0.9929216362,0.01420219217,0.01419439367
0.001883649089,0.9925041875,0.015042129,0.01503387195
0.001995262315,0.9920622429,0.01593164024,0.01592289789
0.00211348904,0.9915943802,0.01687363949,0.01686438357
0.002238721139,0.9910990961,0.01787121011,0.01786141074
0.002371373706,0.9905748024,0.01892761488,0.01891724046
0.002511886432,0.9900198212,0.02004630623,0.02003532337
0.00266072506,0.9894323799,0.02123093702,0.02121931045
0.002818382931,0.9888106066,0.02248537193,0.02247306438
0.002985382619,0.9881525246,0.02381369945,0.02380067152
0.00316227766,0.9874560472,0.02522024445,0.02520645456
0.003349654392,0.9867189716,0.02670958153,0.02669498575
0.003548133892,0.9859389733,0.02828654897,0.02827110092
0.003758374043,0.9851135999,0.02995626346,0.02993991419
0.003981071706,0.9842402644,0.03172413561,0.03170683344
0.004216965034,0.9833162389,0.03359588615,0.03357757658
0.004466835922,0.9823386474,0.0355775631,0.03555818862
0.00473151259,0.981304459,0.03767555968,0.03765505965
0.005011872336,0.98021048,0.03989663314,0.03987494363
0.005308844442,0.979053347,0.04224792451,0.04222497814
0.005623413252,0.9778295182,0.04473697933,0.0447127051
0.005956621435,0.9765352664,0.04737176924,0.04734609239
0.006309573445,0.9751666699,0.05016071471,0.05013355653
0.006683439176,0.9737196046,0.0531127087,0.05308398635
0.007079457844,0.9721897355,0.05623714136,0.05620676771
0.007498942093,0.970572508,0.05954392586,0.0595118093
0.007943282347,0.9688631392,0.06304352518,0.06300956947
0.008413951416,0.9670566092,0.06674698011,0.06671108414
0.008912509381,0.9651476527,0.07066593817,0.07062799584
0.009440608763,0.9631307502,0.07481268373,0.07477258376
0.01,0.9610001196,0.0792001691,0.07915779484
0.01059253725,0.9587497081,0.08384204662,0.08379727591
0.01122018454,0.9563731845,0.08875270179,0.08870540681
0.01188502227,0.9538639317,0.09394728722,0.09389733433
0.01258925412,0.9512150398,0.09944175745,0.0993890071
0.01333521432,0.9484193002,0.1052529045,0.1051972111
0.01412537545,0.9454692002,0.111398394,0.1113396058
0.01496235656,0.9423569186,0.1178968016,0.1178347609
0.01584893192,0.9390743227,0.1247676501,0.1247021929
0.01678804018,0.9356129668,0.1320314458,0.1319624021
0.0177827941,0.931964092,0.1397097156,0.1396369092
0.01883649089,0.9281186278,0.1478250423,0.1477482913
0.01995262315,0.9240671965,0.1564011,0.1563202169
0.0211348904,0.9198001197,0.1654626872,0.1653774793
0.02238721139,0.915307427,0.1750357585,0.1749460283
0.02371373706,0.910578869,0.1851474535,0.1850529991
0.02511886432,0.905603933,0.1958261219,0.1957267378
0.0266072506,0.9003718632,0.2071013447,0.2069968228
0.02818382931,0.8948716845,0.2190039503,0.218894081
0.02985382619,0.8890922323,0.2315660241,0.2314505972
0.0316227766,0.8830221868,0.2448209097,0.2446997164
0.03349654392,0.8766501132,0.2588032019,0.2586760364
0.03548133892,0.8699645094,0.2735487277,0.2734153894
0.03758374043,0.8629538587,0.2890945149,0.288954811
0.03981071706,0.8556066923,0.3054787446,0.3053324929
0.04216965034,0.847911658,0.3227406858,0.3225877186
0.04466835922,0.8398575983,0.3409206094,0.3407607774
0.0473151259,0.8314336381,0.3600596768,0.3598928537
0.05011872336,0.8226292808,0.3801997998,0.3800258881
0.05308844442,0.8134345152,0.4013834686,0.4012024056
0.05623413252,0.8038399328,0.4236535401,0.4234653054
0.05956621435,0.7938368549,0.4470529836,0.4468576075
0.06309573445,0.7834174709,0.4716245753,0.4714221482
0.06683439176,0.7725749871,0.4974105358,0.4972012193
0.07079457844,0.7613037851,0.5244521022,0.5242361411
0.07498942093,0.7495995907,0.5527890251,0.5525667617
0.07943282347,0.7374596509,0.582458982,0.582230872
0.08413951416,0.7248829189,0.6134968956,0.6132635255
0.08912509381,0.7118702459,0.6459341451,0.6456962524
0.09440608763,0.6984245756,0.6797976594,0.6795561541
0.1,0.6845511424,0.7151088769,0.7148648664
0.1059253725,0.6702576672,0.7518825611,0.7516373762
0.1122018454,0.6555545493,0.7901254552,0.7898806792
0.1188502227,0.6404550498,0.8298347662,0.8295922656
0.1258925412,0.6249754622,0.8709964629,0.8707584199
0.1333521432,0.6091352645,0.9135833802,0.9133523264
0.1412537545,0.5929572478,0.957553124,0.9573319738
0.1496235656,0.5764676153,1.002845773,1.002637857
0.1584893192,0.5596960444,1.049381389,1.049190483
0.1678804018,0.5426757059,1.097057347,1.096887698
0.177827941,0.5254432337,1.145745524,1.145601864
0.1883649089,0.5080386365,1.195289389,1.195176944
0.1995262315,0.4905051473,1.245501077,1.245425551
0.211348904,0.4728890032,1.296158546,1.296126085
0.2238721139,0.4552391518,1.347002952,1.347020079
0.2371373706,0.4376068798,1.397736434,1.397809946
0.2511886432,0.4200453629,1.448020535,1.448157351
0.266072506,0.4026091379,1.497475541,1.497682492
0.2818382931,0.3853534985,1.54568107,1.54596463
0.2985382619,0.3683338232,1.592178305,1.592544248
0.316227766,0.3516048431,1.636474281,1.636927266
0.3349654392,0.3352198627,1.678048674,1.678591756
0.3548133892,0.3192299513,1.716363474,1.716997563
0.3758374043,0.3036831231,1.750875909,1.751599191
0.3981071706,0.28862353,1.781054772,1.78186214
0.4216965034,0.2740906922,1.806400121,1.807282659
0.4466835922,0.2601187935,1.826465969,1.827410569
0.473151259,0.2467360674,1.840885184,1.841874373
0.5011872336,0.2339643036,1.849395343,1.850407397
0.5308844442,0.2218184953,1.851863779,1.852873211
0.5623413252,0.2103066506,1.848309667,1.849288129
0.5956621435,0.1994297814,1.83892067,1.839838282
0.6309573445,0.1891820774,1.824061688,1.82488874
0.6683439176,0.1795512657,1.804273532,1.80498244
0.7079457844,0.1705191471,1.780260061,1.78082741
0.7498942093,0.1620622893,1.752863352,1.753271786
0.7943282347,0.1541528534,1.723027777,1.723267526
0.8413951416,0.1467595174,1.691755217,1.691825028
0.8912509381,0.1398484597,1.660054806,1.659962162
0.9440608763,0.1333843586,1.628891425,1.628652005
1,0.1273313671,1.599137382,1.598773815
1.059253725,0.1216540216,1.571531343,1.571071431
1.122018454,0.1163180514,1.546647686,1.546122305
1.188502227,0.1112910598,1.524878144,1.524319073
1.258925412,0.1065430597,1.506426215,1.505864109
1.333521432,0.1020468546,1.491313501,1.490776192
1.412537545,0.09777826509,1.47939617,1.478907374
1.496235656,0.09371621037,1.470389089,1.46996757
1.584893192,0.08984265963,1.46389507,1.463554204
1.678804018,0.08614247427,1.459436759,1.459184453
1.77827941,0.08260316367,1.456489172,1.456328027
1.883649089,0.07921457793,1.454511288,1.454438953
1.995262315,0.07596856077,1.452975612,1.452985262
2.11348904,0.07285858329,1.451394924,1.451475827
2.238721139,0.0698793772,1.449345602,1.449483782
2.371373706,0.06702658338,1.44648697,1.446665967
2.511886432,0.06429642876,1.442576053,1.442777799
2.66072506,0.06168544199,1.437477123,1.437682913
2.818382931,0.0591902158,1.431165419,1.431356964
2.985382619,0.05680722116,1.423724613,1.423885118
3.16227766,0.05453267579,1.415337936,1.415453114
3.349654392,0.05236246668,1.406273282,1.406332232
3.548133892,0.0502921238,1.396863181,1.396859031
3.758374043,0.04831683939,1.387480965,1.387411228
3.981071706,0.04643152542,1.378514853,1.378381455
4.216965034,0.04463090016,1.370341855,1.370150848
4.466835922,0.04290959401,1.363303346,1.363064347
4.73151259,0.04126226487,1.357683918,1.357409344
5.011872336,0.03968371368,1.353694703,1.353398896
5.308844442,0.03816899236,1.351461899,1.351160203
5.623413252,0.03671349756,1.3510207,1.350728579
5.956621435,0.03531304578,1.35231448,1.352046715
6.309573445,0.03396392695,1.355198756,1.354968752
6.683439176,0.03266293514,1.359449321,1.359268521
7.079457844,0.03140737681,1.364773868,1.364651282
7.498942093,0.03019505756,1.370826493,1.370768317
7.943282347,0.02902424977,1.377224461,1.377233789
8.413951416,0.02789364378,1.383566693,1.38364333
8.912509381,0.02680228589,1.389453388,1.389593764
9.440608763,0.02574950683,1.394506102,1.394703325
10,0.02473484441,1.398387477,1.398631551
10.59253725,0.02375796448,1.400819673,1.401097888
11.22018454,0.02281858401,1.401600386,1.401897915
11.88502227,0.02191640004,1.400615351,1.40091602
12.58925412,0.02105102792,1.397846251,1.398133454
13.33521432,0.02022195142,1.393373193,1.393630897
14.12537545,0.01942848684,1.38737128,1.387585026
14.96235656,0.01866976196,1.380101258,1.380259085
15.84893192,0.01794471007,1.371894738,1.371987932
16.78804018,0.01725207797,1.363135002,1.363158609
17.7827941,0.01659044637,1.354234773,1.354187834
18.83649089,0.01595826024,1.345612594,1.345498092
19.95262315,0.01535386636,1.33766949,1.337494034
21.1348904,0.0147755551,1.330767463,1.330540761
22.38721139,0.0142216036,1.325211078,1.324945261
23.71373706,0.01369031777,1.321233012,1.320941886
25.11886432,0.01318007083,1.318984034,1.318682313
26.6072506,0.0126893369,1.318527493,1.318230076
28.18382931,0.01221671822,1.319838127,1.319559442
29.85382619,0.01176096546,1.322804814,1.322558235
31.6227766,0.01132099077,1.327236781,1.327034131
33.49654392,0.01089587357,1.332872843,1.332723956
35.48133892,0.01048485951,1.339393249,1.3393056
37.58374043,0.01008735312,1.346433799,1.346412175
39.81071706,0.009702904803,1.353601892,1.353648126
42.16965034,0.009331193096,1.360494149,1.360606934
44.66835922,0.008972003136,1.366715134,1.366889938
47.3151259,0.008625202464,1.37189654,1.372125661
50.11872336,0.008290715325,1.375716005,1.375988796
53.08844442,0.007968496719,1.377914545,1.378217832
56.23413252,0.007658507458,1.378311481,1.378630176
59.56621435,0.007360691417,1.376815721,1.377133609
63.09573445,0.007074956054,1.373432358,1.373733015
66.83439176,0.006801157029,1.368263851,1.368531625
70.79457844,0.006539087524,1.361505416,1.36172639
74.98942093,0.006288472511,1.353434739,1.35359759
79.43282347,0.006048967927,1.344396626,1.344493304
84.13951416,0.005820164386,1.334783654,1.334809822
89.12509381,0.005601594802,1.325014215,1.324969422
94.40608763,0.005392745135,1.315509529,1.31539711
100,0.005193067316,1.306671195,1.306497943
105.9253725,0.005001993418,1.298860684,1.298636327
112.2018454,0.004818950166,1.292381874,1.292118433
118.8502227,0.004643372971,1.287467367,1.28717845
125.8925412,0.004474718824,1.284268955,1.283969056
133.3521432,0.004312477529,1.282852279,1.282556103
141.2537545,0.004156180917,1.283195479,1.282917334
149.6235656,0.00400540982,1.2851915,1.284944753
158.4893192,0.003859798709,1.288653665,1.28845026
167.8804018,0.003719038006,1.293324144,1.293174174
177.827941,0.003582874144,1.298885009,1.298796332
188.3649089,0.00345110753,1.304971603,1.304949495
199.5262315,0.003323588616,1.311187957,1.311234823
211.348904,0.003200212317,1.317123946,1.317239095
223.8721139,0.003080911081,1.322373724,1.322553254
237.1373706,0.002965646955,1.326554843,1.326791656
251.1886432,0.002854403026,1.329327217,1.329611207
266.072506,0.002747174641,1.330410944,1.330729373
281.8382931,0.002643960846,1.329601861,1.329939934
298.5382619,0.002544756441,1.326783688,1.327125295
316.227766,0.002449545029,1.321935742,1.322264342
334.9654392,0.002358293363,1.315135438,1.315435011
354.8133892,0.002270947223,1.306555172,1.306811166
375.8374043,0.002187428919,1.296453629,1.296653816
398.1071706,0.002107636449,1.285162014,1.285297193
421.6965034,0.002031444207,1.273066157,1.273130638
446.6835922,0.001958705066,1.260585745,1.260577588
473.151259,0.001889253587,1.248152109,1.248073116
501.1872336,0.00182291007,1.236186051,1.236041533
530.8844442,0.001759485144,1.225077002,1.224875365
562.3413252,0.001698784614,1.215164618,1.214916817
595.6621435,0.001640614285,1.206723566,1.206442489
630.9573445,0.001584784554,1.199951953,1.199651779
668.3439176,0.001531114573,1.194963562,1.194659133
707.9457844,0.001479435858,1.191783857,1.191490073
749.8942093,0.00142959524,1.190349559,1.190080826
794.3282347,0.001381457097,1.190511575,1.190281286
841.3951416,0.001334904829,1.192041046,1.191861093
891.2509381,0.001289841588,1.194638299,1.194518621
944.0608763,0.001246190243,1.197944548,1.197892701
1000,0.001203892647,1.201556126,1.2015769
1059.253725,0.001162908229,1.20504102,1.205136114
1122.018454,0.001123212004,1.207957295,1.208125087
1188.502227,0.001084792093,1.209872866,1.210108314
1258.925412,0.001047646858,1.210385845,1.21068054
1333.521432,0.001011781805,1.209144489,1.209486908
1412.537545,0.0009772063997,1.205865663,1.206241613
1496.235656,0.0009439309442,1.200350621,1.200743877
1584.893192,0.0009119636686,1.192497013,1.192890114
1678.804018,0.0008813081739,1.182306158,1.18268132
1778.27941,0.0008519613303,1.169884927,1.170225
1883.649089,0.0008239117092,1.155441966,1.155731372
1995.262315,0.0007971385895,1.139278373,1.139503951
2113.48904,0.0007716115425,1.121773371,1.121925077
2238.721139,0.0007472905659,1.103365846,1.103437257
2371.373706,0.000724126714,1.084532863,1.084521475
2511.886432,0.0007020631495,1.065766406,1.065673719
2660.72506,0.0006810365327,1.047549596,1.047381002
2818.382931,0.0006609786597,1.030333541,1.030098042
2985.382619,0.000641818263,1.014515831,1.014225626
3162.27766,0.0006234828937,1.000421481,1.000091451
3349.654392,0.000605900811,0.9882869239,0.9879340473
3548.133892,0.0005890028135,0.9782474782,0.9778902022
3758.374043,0.0005727239528,0.9703285605,0.9699861491
3981.071706,0.000557005079,0.9644408054,0.9641326705
4216.965034,0.000541794169,0.9603791878,0.9601242129
4466.835922,0.0005270474004,0.9578261988,0.9576420581
4731.51259,0.0005127299325,0.9563590997,0.9562615788
5011.872336,0.0004988163706,0.9554612415,0.9554635683
5308.844442,0.0004852908922,0.9545373783,0.9546495809
5623.413252,0.0004721470316,0.9529328087,0.9531611219
5956.621435,0.0004593871263,0.9499560411,0.9503023917
6309.573445,0.0004470214496,0.9449045041,0.9453661099
6683.439176,0.0004350670649,0.9370926223,0.9376617404
7079.457844,0.000423546451,0.9258813585,0.9265452186
7498.942093,0.0004124859629,0.9107081169,0.9114490721
7943.282347,0.0004019141941,0.8911157108,0.8919116314
8413.951416,0.0003918603131,0.8667789462,0.8676038742
8912.509381,0.0003823524439,0.8375272733,0.8383523427
9440.608763,0.000373416152,0.8033619228,0.8041565384
10000,0.0003650730905,0.7850621553,0.7651992515
