# periodic 64x64 square lattice, a=1, L = D - A
tau,P,ds_finite_difference,ds_exact,ds_infinite_lattice
0.0001,0.9996001,0.000823389321,0.00079992,0.00079992
0.0001059253725,0.9995764107,0.0008477811024,0.0008473132187,0.0008473132187
0.0001122018454,0.9995513185,0.0008980096445,0.0008975140494,0.0008975140494
0.0001188502227,0.9995247403,0.000951213726,0.0009506887789,0.0009506887789
0.0001258925412,0.9994965883,0.001007569574,0.001007013538,0.001007013538
0.0001333521432,0.9994667692,0.001067263849,0.001066674883,0.001066674883
0.0001412537545,0.9994351845,0.001130494259,0.001129870415,0.001129870415
0.0001496235656,0.9994017295,0.001197470215,0.001196809427,0.001196809427
0.0001584893192,0.9993662938,0.00126841352,0.001267713603,0.001267713603
0.0001678804018,0.9993287601,0.001343559106,0.001342817744,0.001342817744
0.000177827941,0.9992890044,0.001423155805,0.001422370546,0.001422370546
0.0001883649089,0.9992468951,0.001507467174,0.001506635421,0.001506635421
0.0001995262315,0.999202293,0.001596772365,0.001595891366,0.001595891366
0.000211348904,0.9991550509,0.001691367042,0.001690433885,0.001690433885
0.0002238721139,0.9991050125,0.001791564361,0.001790575961,0.001790575961
0.0002371373706,0.9990520126,0.001897696002,0.001896649091,0.001896649091
0.0002511886432,0.9989958761,0.002010113261,0.002009004379,0.002009004379
0.000266072506,0.9989364176,0.002129188208,0.002128013691,0.002128013691
0.0002818382931,0.9988734407,0.002255314916,0.002254070882,0.002254070882
0.0002985382619,0.9988067377,0.002388910753,0.002387593094,0.002387593094
0.000316227766,0.9987360883,0.002530417764,0.002529022128,0.002529022128
0.0003349654392,0.9986612596,0.00268030412,0.002678825899,0.002678825899
0.0003548133892,0.9985820045,0.002839065661,0.002837499974,0.002837499974
0.0003758374043,0.9984980619,0.003007227524,0.003005569204,0.003005569204
0.0003981071706,0.998409155,0.003185345875,0.00318358945,0.00318358945
0.0004216965034,0.9983149909,0.003374009728,0.003372149404,0.003372149404
0.0004466835922,0.9982152592,0.003573842885,0.003571872528,0.003571872528
0.000473151259,0.9981096317,0.003785505982,0.003783419095,0.003783419095
0.0005011872336,0.9979977606,0.004009698655,0.00400748836,0.00400748836
0.0005308844442,0.9978792778,0.004247161832,0.004244820848,0.004244820848
0.0005623413252,0.9977537937,0.004498680163,0.00449620078,0.00449620078
0.0005956621435,0.9976208956,0.004765084586,0.004762458642,0.004762458642
0.0006309573445,0.997480147,0.005047255047,0.005044473899,0.005044473899
0.0006683439176,0.9973310856,0.005346123372,0.005343177873,0.005343177873
0.0007079457844,0.9971732221,0.005662676313,0.005659556778,0.005659556778
0.0007498942093,0.9970060387,0.005997958768,0.005994654945,0.005994654945
0.0007943282347,0.9968289873,0.006353077183,0.006349578221,0.006349578221
0.0008413951416,0.9966414878,0.006729203158,0.006725497569,0.006725497569
0.0008912509381,0.9964429263,0.007127577255,0.007123652882,0.007123652882
0.0009440608763,0.9962326533,0.007549513031,0.007545357006,0.007545357006
0.001,0.9960099814,0.0079964013,0.007992000004,0.007992000004
0.001059253725,0.9957741831,0.008469714638,0.008465053659,0.008465053659
0.001122018454,0.9955244891,0.008971012151,0.008966076237,0.008966076237
0.001188502227,0.9952600852,0.009501944515,0.009496717527,0.009496717527
0.001258925412,0.9949801101,0.0100642593,0.01005872416,0.01005872416
0.001333521432,0.9946836529,0.01065980659,0.01065394523,0.01065394523
0.001412537545,0.9943697499,0.01129054496,0.01128433827,0.01128433827
0.001496235656,0.9940373822,0.01195854774,0.0119519755,0.0119519755
0.001584893192,0.993685472,0.01266600966,0.01265905047,0.01265905047
0.001678804018,0.9933128797,0.01341525387,0.01340788511,0.01340788511
0.00177827941,0.9929184004,0.01420873936,0.0142009371,0.0142009371
0.001883649089,0.9925007606,0.01504906876,0.0150408077,0.0150408077
0.001995262315,0.9920586136,0.01593899663,0.01593025001,0.01593025001
0.00211348904,0.9915905365,0.01688143818,0.01687217771,0.01687217771
0.002238721139,0.9910950254,0.01787947846,0.01786967423,0.01786967423
0.002371373706,0.9905704913,0.01893638207,0.01892600247,0.01892600247
0.002511886432,0.9900152553,0.02005560342,0.02004461502,0.02004461502
0.00266072506,0.9894275441,0.02124079751,0.02122916502,0.02122916502
0.002818382931,0.988805485,0.02249583135,0.02248351744,0.02248351744
0.002985382619,0.9881471002,0.02382479593,0.02381176119,0.02381176119
0.00316227766,0.9874503019,0.02523201888,0.02521822168,0.02521822168
0.003349654392,0.9867128862,0.0267220778,0.02670747416,0.02670747416
0.003548133892,0.9859325276,0.02829981424,0.02828435774,0.02828435774
0.003758374043,0.9851067722,0.02997034852,0.02995399014,0.02995399014
0.003981071706,0.9842330317,0.0317390952,0.03172178319,0.03172178319
0.004216965034,0.9833085769,0.0336117794,0.03359345919,0.03359345919
0.004466835922,0.98233053,0.035594454,0.03557506798,0.03557506798
0.00473151259,0.9812958585,0.0376935176,0.03767300503,0.03767300503
0.005011872336,0.980201367,0.03991573347,0.0398940303,0.0398940303
0.005308844442,0.9790436898,0.04226824937,0.04224528808,0.04224528808
0.005623413252,0.9778192833,0.04475861835,0.0447343278,0.0447343278
0.005956621435,0.9765244177,0.04739482057,0.04736912581,0.04736912581
0.006309573445,0.9751551688,0.05018528606,0.05015810816,0.05015810816
0.006683439176,0.9737074099,0.05313891862,0.05311017451,0.05311017451
0.007079457844,0.9721768028,0.05626512075,0.05623472301,0.05623472301
0.007498942093,0.9705587895,0.05957381964,0.05954167634,0.05954167634
0.007943282347,0.9688485835,0.06307549435,0.06304150883,0.06304150883
0.008413951416,0.9670411608,0.06678120403,0.06674527475,0.06674527475
0.008912509381,0.9651312514,0.07070261738,0.0706646377,0.0706646377
0.009440608763,0.9631133309,0.07485204312,0.07481190112,0.07481190112
0.01,0.9609816115,0.07924246169,0.07920004,0.07920004
0.01059253725,0.9587300339,0.08388755801,0.0838427336,0.0838427336
0.01122018454,0.95635226,0.08880175537,0.08875439941,0.08875439941
0.01188502227,0.9538416644,0.09400025032,0.09395022796,0.09395022796
0.01258925412,0.9511913282,0.09949904858,0.09944621885,0.09944621885
0.01333521432,0.9483940323,0.1053150019,0.1052592175,0.1052592175
0.01412537545,0.9454422522,0.1114658455,0.1114069529,0.1114069529
0.01496235656,0.9423281532,0.117970237,0.117908076,0.117908076
0.01584893192,0.9390435873,0.1248477948,0.1247821986,0.1247821986
0.01678804018,0.935580091,0.1321191374,0.1320499328,0.1320499328
0.0177827941,0.931928885,0.1398059236,0.1397329306,0.1397329306
0.01883649089,0.9280808754,0.1479308913,0.1478539235,0.1478539235
0.01995262315,0.9240266576,0.1565178971,0.1564367616,0.1564367616
0.0211348904,0.9197565218,0.1655919546,0.1655064523,0.1655064523
0.02238721139,0.9152604617,0.1751792718,0.1750891976,0.1750891976
0.02371373706,0.910528186,0.1853072872,0.1852124303,0.1852124303
0.02511886432,0.9055491338,0.1960047031,0.1959048475,0.1959048475
0.0266072506,0.9003124931,0.2073015172,0.2071964423,0.2071964423
0.02818382931,0.8948072239,0.2192290498,0.2191185311,0.2191185311
0.02985382619,0.8890220862,0.2318199675,0.2317037774,0.2317037774
0.0316227766,0.8829456726,0.2451083013,0.2449862101,0.2449862101
0.03349654392,0.8765664471,0.2591294582,0.2590012356,0.2590012356
0.03548133892,0.8698727896,0.273920226,0.2737856423,0.2737856423
0.03758374043,0.8628530473,0.2895187687,0.2893775966,0.2893775966
0.03981071706,0.8554955931,0.3059646111,0.3058166278,0.3058166278
0.04216965034,0.8477888919,0.3232986119,0.3231436016,0.3231436016
0.04466835922,0.8397215745,0.341562922,0.3414006783,0.3414006783
0.0473151259,0.831282521,0.3608009262,0.3606312557,0.3606312557
0.05011872336,0.8224609523,0.381057166,0.3808798916,0.3808798916
0.05308844442,0.8132465316,0.4023772403,0.4021922055,0.4021922055
0.05623413252,0.8036294752,0.424807681,0.4246147547,0.4246147547
0.05956621435,0.7936006735,0.4483957999,0.4481948819,0.4481948819
0.06309573445,0.7831518213,0.4731895029,0.4729805299,0.4729805299
0.06683439176,0.7722755584,0.4992370678,0.4990200202,0.4990200202
0.07079457844,0.7609656192,0.5265868796,0.5263617897,0.5263617897
0.07498942093,0.7492169914,0.5552871198,0.5550540802,0.5550540802
0.07943282347,0.7370260829,0.5853854029,0.5851445761,0.5851445761
0.08413951416,0.7243908952,0.616928354,0.6166799839,0.6166799839
0.08912509381,0.7113112029,0.6499611225,0.6497055454,0.6497055454
0.09440608763,0.6977887367,0.6845268222,0.6842644809,0.6842644809
0.1,0.6838273682,0.7206658938,0.7203973515,0.7203973515
0.1059253725,0.6694332935,0.7584153798,0.758141336,0.758141336
0.1122018454,0.6546152126,0.7978081052,0.7975294127,0.7975294127
0.1188502227,0.6393845017,0.838871757,0.8385894399,0.8385894399
0.1258925412,0.6237553732,0.8816278536,0.8813431268,0.8813431268
0.1333521432,0.6077450198,0.9260905998,0.9258048893,0.9258048893
0.1412537545,0.5913737387,0.9722656203,0.9719805837,0.9719805837
0.1496235656,0.5746650278,1.020148568,1.019866116,1.019866116
0.1584893192,0.5576456523,1.069723605,1.069445922,1.069445922
0.1678804018,0.540345673,1.120961763,1.120691328,1.120691328
0.177827941,0.5227984322,1.173819177,1.173558782,1.173558782
0.1883649089,0.5050404911,1.22823522,1.227987982,1.227987982
0.1995262315,0.4871115149,1.284130537,1.283899915,1.283899915
0.211348904,0.4690540986,1.341405027,1.341194821,1.341194821
0.2238721139,0.4509135336,1.399935786,1.399750137,1.399750137
0.2371373706,0.4327375088,1.459575079,1.459418455,1.459418455
0.2511886432,0.4145757484,1.520148393,1.520025563,1.520025563
0.266072506,0.3964795856,1.581452655,1.581368645,1.581368645
0.2818382931,0.3785014756,1.64325471,1.643214741,1.643214741
0.2985382619,0.3606944526,1.705290183,1.705299585,1.705299585
0.316227766,0.3431115379,1.767262846,1.767326947,1.767326947
0.3349654392,0.3258051102,1.828844674,1.82896866,1.82896866
0.3548133892,0.3088262483,1.889676737,1.889865477,1.889865477
0.3758374043,0.2922240621,1.94937113,1.949628975,1.949628975
0.3981071706,0.2760450268,2.007514131,2.007844676,2.007844676
0.4216965034,0.2603323389,2.063670767,2.064076587,2.064076587
0.4466835922,0.2451253113,2.117390944,2.117873315,2.117873315
0.473151259,0.2304588267,2.168217274,2.168775876,2.168775876
0.5011872336,0.2163628664,2.215694632,2.216327264,2.216327264
0.5308844442,0.2028621298,2.259381402,2.260083725,2.260083725
0.5623413252,0.1899757603,2.298862251,2.299627581,2.299627581
0.5956621435,0.1777171846,2.333762104,2.334581286,2.334581286
0.6309573445,0.1660940744,2.363760832,2.364622226,2.364622226
0.6683439176,0.1551084306,2.388607995,2.389497603,2.389497603
0.7079457844,0.1447567883,2.408136808,2.409038557,2.409038557
0.7498942093,0.1350305335,2.422276358,2.423172567,2.423172567
0.7943282347,0.1259163221,2.431061042,2.431933064,2.431933064
0.8413951416,0.1173965833,2.434636207,2.435465213,2.435465213
0.8912509381,0.1094500904,2.433259063,2.43402696,2.43402696
0.9440608763,0.1020525782,2.427294236,2.427984622,2.427984622
1,0.09517738508,2.417203629,2.417802736,2.417802736
1.059253725,0.0887960997,2.403530752,2.404028277,2.404028277
1.122018454,0.08287919038,2.386880179,2.387269917,2.387269917
1.188502227,0.07739660052,2.367893271,2.368173482,2.368173482
1.258925412,0.07231829328,2.347221765,2.347395223,2.347395223
1.333521432,0.06761473364,2.325501095,2.325574803,2.325574803
1.412537545,0.06325729851,2.303325413,2.303309995,2.303309995
1.496235656,0.05921860958,2.28122616,2.281135002,2.281135002
1.584893192,0.05547278714,2.259655695,2.259503915,2.259503915
1.678804018,0.05199562631,2.238976993,2.238780341,2.238780341
1.77827941,0.04876470059,2.219459778,2.219233592,2.219233592
1.883649089,0.04575939979,2.201282846,2.201041142,2.201041142
1.995262315,0.04296091186,2.184541721,2.18429651,2.18429651
2.11348904,0.04035215902,2.169260352,2.169021224,2.169021224
2.238721139,0.03791769964,2.15540533,2.155179305,2.155179305
2.371373706,0.03564360672,2.142901008,2.142692632,2.142692632
2.511886432,0.03351733321,2.131644112,2.131455748,2.131455748
2.66072506,0.03152757303,2.121516697,2.121348936,2.121348936
2.818382931,0.02966412479,2.112396708,2.112248837,2.112248837
2.985382619,0.02791776342,2.104165825,2.104036281,2.104036281
3.16227766,0.02628012302,2.096714634,2.096601401,2.096601401
3.349654392,0.02474359262,2.089945438,2.089846358,2.089846358
3.548133892,0.02330122523,2.083773214,2.08368621,2.08368621
3.758374043,0.02194665954,2.078125264,2.078048461,2.078048461
3.981071706,0.02067405305,2.072940065,2.072871852,2.072871852
4.216965034,0.01947802526,2.068165749,2.068104786,2.068104786
4.466835922,0.0183536093,2.063758522,2.063703715,2.063703715
4.73151259,0.01729621049,2.059681194,2.05963166,2.05963166
5.011872336,0.01630157073,2.055901927,2.055856952,2.055856952
5.308844442,0.01536573764,2.052393205,2.052352209,2.052352209
5.623413252,0.01448503746,2.049131035,2.04909354,2.04909354
5.956621435,0.01365605124,2.046094309,2.046059918,2.046059918
6.309573445,0.01287559373,2.043264327,2.043232706,2.043232706
6.683439176,0.01214069446,2.040624415,2.040595277,2.040595277
7.079457844,0.01144858082,2.038159623,2.038132722,2.038132722
7.498942093,0.01079666283,2.035856489,2.035831612,2.035831612
7.943282347,0.01018251931,2.033702842,2.033679801,2.033679801
8.413951416,0.009603885373,2.031687642,2.031666271,2.031666271
8.912509381,0.009058641054,2.029800839,2.029780993,2.029780993
9.440608763,0.008544800883,2.028033268,2.028014817,2.028014817
10,0.008060504402,2.026376541,2.026359369,2.026359369
10.59253725,0.007604007445,2.024822972,2.024806975,2.024806975
11.22018454,0.00717367414,2.0233655,2.023350584,2.023350584
11.88502227,0.006767969547,2.021997627,2.021983708,2.021983708
12.58925412,0.006385452881,2.020713362,2.020700363,2.020700363
13.33521432,0.006024771246,2.019507175,2.019495027,2.019495027
14.12537545,0.005684653855,2.018373952,2.018362592,2.018362592
14.96235656,0.005363906675,2.017308958,2.017298328,2.017298328
15.84893192,0.005061407464,2.016307804,2.016297853,2.016297853
16.78804018,0.004776101173,2.015366419,2.015357097,2.015357097
17.7827941,0.004506995669,2.014481016,2.01447228,2.01447228
18.83649089,0.004253157765,2.013648078,2.013639888,2.013639888
19.95262315,0.004013709522,2.012864329,2.012856647,2.012856647
21.1348904,0.00378782481,2.012126717,2.012119508,2.012119508
22.38721139,0.003574726097,2.011432398,2.011425631,2.011425631
23.71373706,0.003373681459,2.010778715,2.010772361,2.010772361
25.11886432,0.003184001788,2.01016319,2.010157222,2.010157222
26.6072506,0.003005038183,2.009583508,2.0095779,2.0095779
28.18382931,0.002836179511,2.009037502,2.009032231,2.009032231
29.85382619,0.002676850131,2.008523147,2.008518192,2.008518192
31.6227766,0.002526507761,2.008038548,2.008033888,2.008033888
33.49654392,0.002384641476,2.007581928,2.007577545,2.007577545
35.48133892,0.002250769847,2.007151624,2.007147501,2.007147501
37.58374043,0.002124439182,2.006746076,2.006742197,2.006742198
39.81071706,0.002005221888,2.006363822,2.006360172,2.006360175
42.16965034,0.001892714927,2.006003484,2.00600005,2.006000062
44.66835922,0.001786538375,2.005663761,2.005660534,2.005660573
47.3151259,0.001686334065,2.005343405,2.005340382,2.005340501
50.11872336,0.001591764315,2.005041175,2.005038367,2.005038711
53.08844442,0.001502510736,2.004755748,2.004753195,2.00475414
56.23413252,0.001418273115,2.004485525,2.004483325,2.004485787
59.56621435,0.001338768378,2.004228249,2.004226613,2.00423271
63.09573445,0.001263729618,2.0039803,2.003979638,2.003994027
66.83439176,0.001192905218,2.003735424,2.003736487,2.003768905
70.79457844,0.001126058048,2.003482618,2.003486702,2.003556564
74.98942093,0.001062964775,2.003202774,2.003211997,2.003356267
79.43282347,0.001003415278,2.002863646,2.002881302,2.003167322
84.13951416,0.0009472121967,2.002412742,2.002443703,2.002989078
89.12509381,0.0008941706092,2.001767846,2.001818975,2.002820922
94.40608763,0.0008441178526,2.000805123,2.000885636,2.002662277
100,0.0007968934601,1.999345171,1.999466861,2.002512599
105.9253725,0.0007523491873,1.997137843,1.997315069,2.002371376
112.2018454,0.0007103490707,1.993847225,1.994096588,2.002238126
118.8502227,0.0006707694515,1.989038651,1.989378284,2.002112396
125.8925412,0.0006334988785,1.982169993,1.982618447,2.001993757
133.3521432,0.000598437811,1.972589612,1.973164359,2.001881806
141.2537545,0.0005654980479,1.959543198,1.960258833,2.001776164
149.6235656,0.0005346018358,1.94219124,1.943057512,2.001676473
158.4893192,0.0005056806425,1.919638079,1.920657936,2.001582394
167.8804018,0.0004786736199,1.890972473,1.892140313,2.001493611
177.827941,0.00045352582,1.855318377,1.856618729,2.001409824
188.3649089,0.0004301862593,1.811893407,1.813300238,2.001330749
199.5262315,0.0004086059459,1.760071257,1.761548075,2.00125612
211.348904,0.0003887359923,1.699443365,1.700944228,2.001185687
223.8721139,0.0003705259232,1.629874461,1.631345936,2.001119212
237.1373706,0.0003539222705,1.551546492,1.552930479,2.001056471
251.1886432,0.0003388675133,1.464985723,1.466223011,2.000997255
266.072506,0.0003252993896,1.371068904,1.372103156,2.000941364
281.8382931,0.0003131505747,1.271005892,1.271787732,2.000888612
298.5382619,0.0003023486968,1.166298256,1.166789048,2.00083882
316.227766,0.0002928166425,1.058675702,1.058850615,2.000791823
334.9654392,0.000284473102,0.9500144815,0.9498645171,2.000747462
354.8133892,0.0002772333001,0.8422439481,0.8417766799,2.000705591
375.8374043,0.0002710098712,0.7372487641,0.736487714,2.000666068
398.1071706,0.0002657138399,0.6367747656,0.635757486,2.000628762
421.6965034,0.0002612556796,0.542346068,0.5411211523,2.000593548
446.6835922,0.0002575464238,0.4551997044,0.4538230606,2.000560308
473.151259,0.0002544988053,0.3762421513,0.3747729319,2.000528932
501.1872336,0.0002520283929,0.3060297886,0.3045263799,2.000499314
530.8844442,0.0002500546893,0.2447730004,0.2432894255,2.000471356
562.3413252,0.0002485021469,0.1923615215,0.1909445347,2.000444966
595.6621435,0.0002473010528,0.148407009,0.1470940565,2.000420054
630.9573445,0.0002463882369,0.1122977667,0.1111158833,2.000396538
668.3439176,0.0002457075611,0.08326011575,0.08222573465,2.000374339
707.9457844,0.0002452101635,0.06042103487,0.05954060496,2.000353384
749.8942093,0.0002448544466,0.04286728877,0.04213853883,2.000333603
794.3282347,0.0002446058192,0.02969721062,0.02911086197,2.00031493
841.3951416,0.0002444362233,0.0200624629,0.01960417875,2.000297302
891.2509381,0.0002443234899,0.01319834891,0.012850715,2.000280662
944.0608763,0.0002442505814,0.008442457169,0.008186813384,2.000264954
1000,0.0002442047807,0.005242483629,0.005060467115,2.000250125
1059.253725,0.0002441768822,0.003154901176,0.003029612703,2.000236127
1122.018454,0.0002441604345,0.001836670423,0.001753431045,2.000222912
1188.502227,0.0002441510674,0.001032387788,0.0009791046309,2.000210437
1258.925412,0.0002441459247,0.0005591663029,0.0005263676821,2.000198661
1333.521432,0.0002441432088,0.0002912022418,0.0002718280996,2.000187544
1412.537545,0.0002441418322,0.0001454853735,0.0001345275925,2.000177049
1496.235656,0.0002441411641,6.956225417e-05,6.364225182e-05,2.000167142
1584.893192,0.0002441408545,3.175097177e-05,2.870365122e-05,2.000157789
1678.804018,0.0002441407179,1.379769094e-05,1.230716787e-05,2.00014896
1778.27941,0.0002441406606,5.692377727e-06,5.001601703e-06,2.000140625
1883.649089,0.0002441406379,2.22292465e-06,1.920518589e-06,2.000132756
1995.262315,0.0002441406294,8.191142911e-07,6.944636502e-07,2.000125328
2113.48904,0.0002441406264,2.838999364e-07,2.356873957e-07,2.000118316
2238.721139,0.0002441406254,9.227497344e-08,7.484045091e-08,2.000111696
2371.373706,0.0002441406251,2.807746569e-08,2.220559538e-08,2.000105446
2511.886432,0.000244140625,8.031605603e-09,6.19723824e-09,2.000099547
2660.72506,0.000244140625,2.224425089e-09,1.695172863e-09,2.000093977
2818.382931,0.000244140625,6.745892733e-10,5.341264051e-10,2.000088719
2985.382619,0.000244140625,3.001616733e-10,2.659699859e-10,2.000083755
3162.27766,0.000244140625,2.243325525e-10,2.166962524e-10,2.000079069
3349.654392,0.000244140625,2.183924153e-10,2.167290498e-10,2.000074646
3548.133892,0.000244140625,2.276863142e-10,2.272941575e-10,2.00007047
3758.374043,0.000244140625,2.405897703e-10,2.403989381e-10,2.000066527
3981.071706,0.000244140625,2.546869382e-10,2.545917961e-10,2.000062805
4216.965034,0.000244140625,2.698357093e-10,2.696707972e-10,2.000059291
4466.835922,0.000244140625,2.8580871e-10,2.856490749e-10,2.000055974
4731.51259,0.000244140625,3.027196271e-10,3.025747769e-10,2.000052843
5011.872336,0.000244140625,3.207105692e-10,3.205034537e-10,2.000049887
5308.844442,0.000244140625,3.396678494e-10,3.394944769e-10,2.000047096
5623.413252,0.000244140625,3.598472631e-10,3.596107893e-10,2.000044461
5956.621435,0.000244140625,3.811067018e-10,3.809190681e-10,2.000041974
6309.573445,0.000244140625,4.037019607e-10,4.034899419e-10,2.000039625
6683.439176,0.0002441406249,4.276330401e-10,4.273982241e-10,2.000037409
7079.457844,0.0002441406249,4.529567832e-10,4.52723161e-10,2.000035316
7498.942093,0.0002441406249,4.797868769e-10,4.795486947e-10,2.00003334
7943.282347,0.0002441406249,5.082938515e-10,5.079637413e-10,2.000031475
8413.951416,0.0002441406249,5.3836402e-10,5.380624852e-10,2.000029714
8912.509381,0.0002441406249,5.702815997e-10,5.699446918e-10,2.000028052
9440.608763,0.0002441406249,6.039897471e-10,6.03716038e-10,2.000026483
10000,0.0002441406249,6.214280487e-10,6.394884622e-10,2.000025001
